FileName,ImageId,CatagoryID
train_val2019/Plants/583/b4ccb9458c296c9e03f5bcdb0b25d5b8.jpg,120823,583
train_val2019/Plants/583/17310d812e133cc9f09d0fb69a23b645.jpg,122351,583
train_val2019/Plants/583/30590504313dded8e3a67424c31f8b30.jpg,19220,583
train_val2019/Plants/583/ecef273727025b0e798cdcba53e79a93.jpg,83172,583
train_val2019/Plants/583/6e3131706176b792d600a895eaa61312.jpg,136201,583
train_val2019/Plants/583/e9c35158fdaed3cc7ad9ccf5fbde4725.jpg,16771,583
train_val2019/Plants/583/d85d7dbafab8a6504425811fa84b4e98.jpg,23538,583
train_val2019/Plants/583/e5df05af2c569995451646e92d0ad5bb.jpg,181481,583
train_val2019/Plants/583/9094a58f9a5b26782fe863d91177dfdb.jpg,193055,583
train_val2019/Plants/583/a6fbd4cba4f7a8b1046f3d466c0d7670.jpg,193541,583
train_val2019/Plants/583/2396f03fa4ea70b79253d663b7c9034c.jpg,68811,583
train_val2019/Plants/583/cdc73e259752526e3021e4fd9ebe5da5.jpg,245527,583
train_val2019/Plants/583/9ed75860894191f5a89d1085450569ce.jpg,131179,583
train_val2019/Plants/583/aaf7da1fd5bad361fe620d385a312b67.jpg,83143,583
train_val2019/Plants/583/2c5486a4906b9658414b4a8260cf7cf0.jpg,123161,583
train_val2019/Plants/583/21f3b27ee983f7152c2de93706927d2e.jpg,235483,583
train_val2019/Plants/583/94136e4311faf339cce54504d799e576.jpg,182205,583
train_val2019/Plants/583/85259f37213bb4c66f67b5f9d6fa0ee2.jpg,222953,583
train_val2019/Plants/583/5e9a16b1d7e57599443ba37f7df4ff22.jpg,65592,583
train_val2019/Plants/583/983fcc43cb7a720a6f13cd91f165147f.jpg,21981,583
train_val2019/Plants/583/78ab1685ed597f417a19e8e1f6f9dccb.jpg,226792,583
train_val2019/Plants/583/760d1f5f9047ff1e89b96b03e0957c24.jpg,75607,583
train_val2019/Plants/583/58975599f01907eeb834a5f0a0239591.jpg,46508,583
train_val2019/Plants/583/ba5fbd14f0e916037bd7daa822413784.jpg,242295,583
train_val2019/Plants/583/03d32368ff9a0ce5e25152d3f1fbbe3d.jpg,66871,583
train_val2019/Plants/583/76b0b6de72226b3bf774383608aa2030.jpg,198764,583
train_val2019/Plants/583/31dea417978a3c0b0067a1d1d3e73180.jpg,225686,583
train_val2019/Plants/583/b6c1837a33b602b6002bab84b0dbe36a.jpg,176781,583
train_val2019/Plants/583/c8907b5c7e790967e9c75f9122ca35cd.jpg,182342,583
train_val2019/Plants/583/d2254be7d5e4739066eae53ce75c787d.jpg,16981,583
train_val2019/Plants/583/fddcd67bc354028aca7a43f355fb1b37.jpg,230174,583
train_val2019/Plants/583/874bf40f2fa550b4c5d1184233849e3c.jpg,175217,583
train_val2019/Plants/583/7bf628ae7dd5d6979b4ad704f8cfc527.jpg,247790,583
train_val2019/Plants/583/0152692454a09876ab936f47639f976f.jpg,79400,583
train_val2019/Plants/583/027a29869b2fb1fd372ed3acfe54a7ea.jpg,46715,583
train_val2019/Plants/583/8eb6938563f7be35821e4310908b3474.jpg,23411,583
train_val2019/Plants/583/60e8a45b43f59a57c2de2a5d73545ceb.jpg,224556,583
train_val2019/Plants/583/57adffb72e2c45f344a5d63976ed2d15.jpg,72104,583
train_val2019/Plants/583/8ccb566f1f0abdfa8f6e7d7dffbe24a6.jpg,37946,583
train_val2019/Plants/583/27bf9f9e43c6f6e50c158b41b14bfbfd.jpg,247751,583
train_val2019/Plants/583/4a54af80fa9be493f61ea25743b2c6c0.jpg,129543,583
train_val2019/Plants/583/800595a072100baafb7cdc95a03a28c7.jpg,39175,583
train_val2019/Plants/583/8b4230bf2586efcb15e8c7ee3ba523af.jpg,122088,583
train_val2019/Plants/583/1e236b1cbf156f72c513c259f4bd6a1d.jpg,124035,583
train_val2019/Plants/583/6fdce41122ad21aeb9824c21d9c53934.jpg,237430,583
train_val2019/Plants/583/dff9cdd94ee7a6abee7541f97d388b7d.jpg,227947,583
train_val2019/Plants/583/d09bec95aaf666b4f6fe308c8c0b323c.jpg,244941,583
train_val2019/Plants/583/d69b9b64d2575d4eef284382525ba4fa.jpg,243234,583
train_val2019/Plants/583/a42f1467785fc4e08e2532d2c36de85c.jpg,74935,583
train_val2019/Plants/583/fa1bff80d311e2a6a961cb5dd38c8144.jpg,20768,583
train_val2019/Plants/583/6776c32beb6740998ce2ebc5cadcc89b.jpg,80740,583
train_val2019/Plants/583/2f26e1651a469d99e383950367f21c88.jpg,224890,583
train_val2019/Plants/583/7940ad6c135dd7bfa32b00b28d16f109.jpg,73261,583
train_val2019/Plants/583/53521ecc37a461da136e1c9c2c39bfdf.jpg,227289,583
train_val2019/Plants/583/57571cd6306974363c9c64f4b92ce539.jpg,122103,583
train_val2019/Plants/583/c3f01fdb74b066bf0787ced6ed566c32.jpg,122324,583
train_val2019/Plants/583/01d524135765dd844f18a423d655b318.jpg,46616,583
train_val2019/Plants/583/5f3ec90711f84322529533ca3c1c8f42.jpg,120522,583
train_val2019/Plants/583/d7d31ba4d6a6ef46f4b29d2ca7409165.jpg,192154,583
train_val2019/Plants/583/8f0784b8bdc7fe2e03ac79dbbe3be47f.jpg,227442,583
train_val2019/Plants/583/44e25a72ed43993f812ae03127441ce7.jpg,118677,583
train_val2019/Plants/583/bad798d9d2fd9304610a1a5bbfacc259.jpg,83280,583
train_val2019/Plants/583/2744827658d3b1ddc015659dff1296ec.jpg,192330,583
train_val2019/Plants/583/a3fa14584f33c3997f3ae32b3676f97e.jpg,23922,583
train_val2019/Plants/583/76245cfd9f6d1ac13092e182e16cd29c.jpg,140696,583
train_val2019/Plants/583/bde9afefe76c6b12588e1c1e660bfd49.jpg,49593,583
train_val2019/Plants/583/f12199b250cd73edb3ae80bfc613ed9e.jpg,79169,583
train_val2019/Plants/583/0c1601d3d3ec4b31db9314dc197ccf94.jpg,22953,583
train_val2019/Plants/583/882a8db89f77e753021b16d9e4cf68a0.jpg,66405,583
train_val2019/Plants/583/de11c7ea7532f30b1533cef98db4d221.jpg,21572,583
train_val2019/Plants/583/62a7d9886f17af00db180491f8b0d4da.jpg,225911,583
train_val2019/Plants/583/e54da3eae07b9e0ef272ce1a8b2ca7bd.jpg,81774,583
train_val2019/Plants/583/04f7cdd9a0bb70b2ea443acab1007213.jpg,75164,583
train_val2019/Plants/583/8ec6da3085bd5474205834c65ace0c4f.jpg,197139,583
train_val2019/Plants/583/b92a06465070009c07c46ada54e0f23f.jpg,141530,583
train_val2019/Plants/583/eba8e58af59302f52364357fb74ce199.jpg,82886,583
train_val2019/Plants/583/bfe504c7da2ef57d5fa7685e702eed5e.jpg,195356,583
train_val2019/Plants/583/ab953bbd12a0084bb5d5517a8503e06c.jpg,223817,583
train_val2019/Plants/583/97346cafc9c44b226a4b6d26b7434592.jpg,21493,583
train_val2019/Plants/583/0ae41b21514e58b1749704d4c2ef60d6.jpg,21492,583
train_val2019/Plants/583/e1a3a95ae5170d9bdbc584058aa33b3e.jpg,228579,583
train_val2019/Plants/583/3a55e63eb63497cd11dfb57ceec78b6e.jpg,193284,583
train_val2019/Plants/583/39248445cb632f5ab0ce474589fe6def.jpg,146175,583
train_val2019/Plants/583/4fe172ffff23b22b550615ecc8fff83b.jpg,141596,583
train_val2019/Plants/583/0f6bda75333aeb60c4c7dabdb3e19a91.jpg,17448,583
train_val2019/Plants/583/38e1f5120f164c0c258d288757b189c0.jpg,39679,583
train_val2019/Plants/583/897c5d4d9235d37c03af9a5d6e92c420.jpg,72845,583
train_val2019/Plants/583/44ad88c4b86ccdaaa4c9a2b607d2eba2.jpg,39978,583
train_val2019/Plants/583/7e557614d4c14e6406e96ac7a581fae9.jpg,69965,583
train_val2019/Plants/583/d1e2333153bfb01be59320d905eaa0e1.jpg,179758,583
train_val2019/Plants/583/8363cfced14d0d9fd7ad2c924b263ddc.jpg,221851,583
train_val2019/Plants/583/2a5b710b5f3cfbf3ef4536d637c79ac0.jpg,199809,583
train_val2019/Plants/583/f7b6dcc32a1d81a0f32321d82760099d.jpg,116724,583
train_val2019/Plants/583/5661d063882e4e36a032b4d23f1ddca1.jpg,129009,583
train_val2019/Plants/583/1c475ffcfe0f156d303d28c9c9f789b5.jpg,72754,583
train_val2019/Plants/583/6765d132cff0dda0b139435a10a88167.jpg,129280,583
train_val2019/Plants/583/62b5d75a06d8946b061bc524951aa0bc.jpg,83838,583
train_val2019/Plants/583/b0b6c52e7644c07c3ac399d469595d4d.jpg,235016,583
train_val2019/Plants/583/423c15808b892f948448dc67d91e55ca.jpg,173747,583
train_val2019/Plants/583/21109c112be6b2254f1704ee7528950f.jpg,141416,583
train_val2019/Plants/583/ca01f5dd4fd0ad24ddeec22059c4abfd.jpg,228825,583
train_val2019/Plants/583/9aabeb1370a8ed3a27e613e1cb46c6ee.jpg,37636,583
train_val2019/Plants/583/240b0d7535ca6f3dd8e6fc911332fe1f.jpg,178430,583
train_val2019/Plants/583/907db6f9c24bd7bb2a6a8a9eaeacc781.jpg,15064,583
train_val2019/Plants/583/b8b478d450403ca5ac6103e0aefad128.jpg,232982,583
train_val2019/Plants/583/4443cd34bb6dacc9d7072db2ec9bbe0d.jpg,172963,583
train_val2019/Plants/583/7b4a87811627dbeb35cf0faad18ed846.jpg,137054,583
train_val2019/Plants/583/9349eaccd0bf9a3bd52ab9888c4abbe1.jpg,21162,583
train_val2019/Plants/583/4e217a99f86a8420f760c121febaf543.jpg,81311,583
train_val2019/Plants/583/1b662ac46ec1bc3dda4e0a58b26abda4.jpg,121710,583
train_val2019/Plants/583/1e5448e7e24adbc68f64e479aabcbe5c.jpg,134950,583
train_val2019/Plants/583/1d14c586f38a29d74e08898bb7786d04.jpg,125292,583
train_val2019/Plants/583/53e391ff8faf2067b9575a26eb334d3f.jpg,196956,583
train_val2019/Plants/583/079f0fbef2c752022328df7ef41fd203.jpg,237060,583
train_val2019/Plants/583/31cc465bc6b0c52519263437d187ef04.jpg,237618,583
train_val2019/Plants/583/ff6572566c23a040d15bd9f99f752a5e.jpg,37000,583
train_val2019/Plants/583/2b7043f2f36a3ea652e389c740c57f18.jpg,135710,583
train_val2019/Plants/583/b1c2741fbd6222e1571b69f4f851c0a7.jpg,8988,583
train_val2019/Plants/583/b41198a743a2fdb1ba014c21547dc9c1.jpg,15051,583
train_val2019/Plants/583/cb4548a1784081c34bf389a13be6d8a2.jpg,226348,583
train_val2019/Plants/583/7a3d80c020ea5c7de89fc9e0f80da844.jpg,194255,583
train_val2019/Plants/583/a4e882e7b51b1a825c13c9a3c843cf10.jpg,192221,583
train_val2019/Plants/583/811470baaa5d3a7295ec932f49393083.jpg,23852,583
train_val2019/Plants/583/e42edc58052a57ea28fa98ab8c233553.jpg,221728,583
train_val2019/Plants/583/ecc1da3c719b88094ea2bdd4b78b7f03.jpg,22998,583
train_val2019/Plants/583/fba8d3745c89bfefd140c5f41a8e543d.jpg,128117,583
train_val2019/Plants/583/650d8a6f9f83b1451b1155500177c64f.jpg,10267,583
train_val2019/Plants/583/a9b9c733972c8ba6f21f1d5e072bee85.jpg,21375,583
train_val2019/Plants/583/102fed24109cf51e34fd9e24f168f652.jpg,243949,583
train_val2019/Plants/583/84ac95f51effe0f2883b8152b5d99fd6.jpg,146607,583
train_val2019/Plants/583/c2f6cbfb8948ae4bcf39d3c72ad34e36.jpg,146423,583
train_val2019/Plants/583/870cf783c640ce3ca90b29ea263d8cab.jpg,222209,583
train_val2019/Plants/583/21063290a5de2215c2177d5aca9cf3fa.jpg,193343,583
train_val2019/Plants/583/3d63e022037e9f330891ddf9d13f73b0.jpg,125574,583
train_val2019/Plants/583/4b90c75b7879df124d5f7006ae8b8f41.jpg,119883,583
train_val2019/Plants/583/31052955b120065a1f754222cec3a974.jpg,132156,583
train_val2019/Plants/583/5f90074bddb5308a3b031ba667e44700.jpg,83451,583
train_val2019/Plants/583/e9a7878bdc4f32df7e563cd4640701e2.jpg,64575,583
train_val2019/Plants/583/41d3aaf9f506a2359a90473b16d0cb9c.jpg,257476,583
train_val2019/Plants/583/9d851b255b91c6e4557b9fcb392f5425.jpg,152870,583
train_val2019/Plants/583/f1ee0ac2c14956fee26d7807cd2060be.jpg,89594,583
train_val2019/Plants/583/1854e18bbae29a51935c05881a981506.jpg,162452,583
train_val2019/Plants/583/e3e206532fa959b7398f03eb64312950.jpg,259737,583
train_val2019/Plants/583/38e7de57980639b3cb790022d127ed6c.jpg,3814,583
train_val2019/Plants/583/b820e1b7322182ebf2662d368d0eea9c.jpg,32226,583
train_val2019/Plants/583/16f82cbf15d3961d136da9996ab3b9b8.jpg,202383,583
train_val2019/Plants/583/8f1786644a5604ecfb3266b6f9fde7a2.jpg,43786,583
train_val2019/Plants/583/32fcbbdb65157b8f76780b1d7bd535b5.jpg,185903,583
train_val2019/Plants/583/2b028713902e19296f4811ad7bd0c619.jpg,56207,583
train_val2019/Plants/583/b6eae4032da3bd622fb65815e128cd73.jpg,183937,583
train_val2019/Plants/583/919b081d0b98462042cc65de615d0bd6.jpg,255897,583
train_val2019/Plants/583/70f459cd463e8b17d84072bf6874b814.jpg,111012,583
train_val2019/Plants/583/59abee47b1d9c94ef8cbb1282ea83ed3.jpg,59968,583
train_val2019/Plants/583/ebed088c3f8733f2b9545f6c347ac5c0.jpg,104925,583
train_val2019/Plants/583/3525b1acf8058d0292b5069c5e0e9b88.jpg,30456,583
train_val2019/Plants/583/9d0ffc2efc3485a794552b6f352278e7.jpg,202304,583
train_val2019/Plants/583/74f083e1ba2a54acb02988504ab89485.jpg,254943,583
train_val2019/Plants/583/e5a9fc5b7bb6d27b43c2f68ffdba725a.jpg,213058,583
train_val2019/Plants/583/4a9adee71ac393c2f29b725e0e7b588e.jpg,253949,583
train_val2019/Plants/583/d92b6d6ddf58456448bbb901f924ae99.jpg,97212,583
train_val2019/Plants/583/8bcfb3d06c90e9a46017a6a94b6e60fa.jpg,95871,583
train_val2019/Plants/583/3163d7c49dbaf0504a3e81045b96d267.jpg,54312,583
train_val2019/Plants/583/ac5267a9a8378ee70f70a142c87c516d.jpg,57283,583
train_val2019/Plants/583/e8bdcf23fd70de4a8377e5533e0a1260.jpg,211015,583
train_val2019/Plants/583/b1acd5133f312100d5707110b78e46f1.jpg,25619,583
train_val2019/Plants/583/1461c3627f8cdbaa4e68b952da52bc9a.jpg,84285,583
train_val2019/Plants/583/97c4c0345cd6c1ba4818be53f5a1f9af.jpg,92445,583
train_val2019/Plants/583/482420c4a18d161f64de210eb0ffe1c5.jpg,156035,583
train_val2019/Plants/583/81194ded476eeedafaea00fae6a6374b.jpg,154613,583
train_val2019/Plants/583/f0a095a2567a90d15842b9196c0d1c2b.jpg,88707,583
train_val2019/Plants/583/639be40b94d59c3099ec9365abb11fd0.jpg,24232,583
train_val2019/Plants/583/7c0d278b329b61e3d81f7ee35016af8a.jpg,86831,583
train_val2019/Plants/583/cd64e0f92a82acf9d9bfed81e4271ca3.jpg,163954,583
train_val2019/Plants/583/ce185c306df65ffa3952c4d2fcbdc433.jpg,97819,583
train_val2019/Plants/583/59891982587cba9f82354cfff48a8ea4.jpg,250741,583
train_val2019/Plants/583/cbc019178bc6f3a042153536c011864e.jpg,158413,583
train_val2019/Plants/583/bfe12951b8dac8f73f686b7d6d708cdb.jpg,97339,583
train_val2019/Plants/583/e2c0fd9a2ed3a1136d273a7fd88fc918.jpg,43212,583
train_val2019/Plants/583/4b858a5874de7d0320768c36ef1176ab.jpg,104865,583
train_val2019/Plants/583/905e29b9e6aed5391ca8c071a477452a.jpg,97337,583
train_val2019/Plants/583/a6701bb5068d69ffb42b161bd171ecb9.jpg,62245,583
train_val2019/Plants/583/bf72cfa86e73ff1641e1165aa16a0a46.jpg,204487,583
train_val2019/Plants/583/cc8b672f91c9ddf5c9cda48f7d7848b7.jpg,152610,583
train_val2019/Plants/583/f7e3205c0d0554a0a2a4dab76bc65ed1.jpg,211461,583
train_val2019/Plants/583/4d44c7c6c8482e9900916d9843a60503.jpg,183040,583
train_val2019/Plants/583/699acddf939d45f7d16e85a360ae0bce.jpg,258217,583
train_val2019/Plants/583/8b051e95fa8673ceb91e93d0b4ee896c.jpg,51733,583
train_val2019/Plants/583/fbd60899dabb9c7f9c70ddc705e5200a.jpg,52143,583
train_val2019/Plants/583/dacbed5b5e2be6223c7f3d629248d0f9.jpg,109641,583
train_val2019/Plants/583/692c248ce13edfc1ff05c92ac32a87dd.jpg,217300,583
train_val2019/Plants/583/fe5cf52bd0c0b9171d2fb64566fef62f.jpg,185319,583
train_val2019/Plants/583/9a48b5f03e2a8b5fad068789f1703d3e.jpg,165908,583
train_val2019/Plants/583/478bb2f63955efde5e1847c96c587168.jpg,85617,583
train_val2019/Plants/583/3192325e894709176aac34c51bf8d93e.jpg,161681,583
train_val2019/Plants/583/ab53b203c592eb7d31069b7ab4a8df45.jpg,152732,583
train_val2019/Plants/583/fc97203a0150adcaa33b9b3608c01242.jpg,85604,583
train_val2019/Plants/583/f72a9ee3c316ca2c73c5e05336c70a8e.jpg,164741,583
train_val2019/Plants/583/59c7c12800cbbccf53f268fe83dbe67d.jpg,189719,583
train_val2019/Plants/583/b6c7a64d91a2bed34be32db93809ffa1.jpg,171599,583
train_val2019/Plants/583/afe9601d45a1dc577dc01b77a9216bc5.jpg,2481,583
train_val2019/Plants/583/6a3b08ccf28cc3fd238e1b6f1e21a872.jpg,6864,583
train_val2019/Plants/583/824153f5de23aa117c04e2da7543c01f.jpg,212885,583
train_val2019/Plants/583/bf1d25e1f54fe3a57635b297ff56cf49.jpg,252851,583
train_val2019/Plants/583/1a4223ec92380bd6faf11549591159d6.jpg,205750,583
train_val2019/Plants/583/0ada6bc736243756d180bf8d0e75bd33.jpg,32688,583
train_val2019/Plants/583/88ad18102a1c7b8f2fa0864bc96f0fb5.jpg,63277,583
train_val2019/Plants/583/303249b3bbe3993be9ba0705314bde9e.jpg,4286,583
train_val2019/Plants/583/c0f7dd05331ac327c13faa6a22c4d6e2.jpg,150080,583
train_val2019/Plants/583/7901ee201719c1201f8a3bc704138d89.jpg,42206,583
train_val2019/Plants/583/2555d2a81753643c1969964abc44de13.jpg,106209,583
train_val2019/Plants/583/de54e3a5bf947b672c6361a411e60d28.jpg,84801,583
train_val2019/Plants/583/b7392cf3a9be15f10d3b91a768904b02.jpg,2161,583
train_val2019/Plants/583/eb68e7afbb865b7766780dede247b3a9.jpg,51527,583
train_val2019/Plants/583/d24e92e4c53a99ab6abefcb420733458.jpg,92596,583
train_val2019/Plants/583/87588535cc293179c90da05a45902b84.jpg,32196,583
train_val2019/Plants/583/b4ec425d82b2704665c01f0722d4cb43.jpg,208677,583
train_val2019/Plants/583/925876a34b3ef88151ac2e815421ac67.jpg,153433,583
train_val2019/Plants/583/c5f6efd3ce849f75213d5c4eb1547820.jpg,84512,583
train_val2019/Plants/583/39dbb60f8fd93edf423efd369b996839.jpg,92573,583
train_val2019/Plants/583/ce9835807e2c07cca430e30773fb1e6a.jpg,215436,583
train_val2019/Plants/583/58e25d48223b93991085cfb0e0af493b.jpg,106736,583
train_val2019/Plants/583/6a8837f9e06351fde01af73b03db348b.jpg,153582,583
train_val2019/Plants/583/fadb6269c6e18f860f905e3ecc11b2f7.jpg,183554,583
train_val2019/Plants/583/a86b5d30f8b18c92b72440880d6bc78d.jpg,107283,583
train_val2019/Plants/583/36160d72feaf8c458c412064d477ee68.jpg,164358,583
train_val2019/Plants/583/b1d49e9884fb783754f13838dba08180.jpg,60450,583
train_val2019/Plants/583/a497d5910c2d59f377ead97965df293b.jpg,93111,583
train_val2019/Plants/583/4c42f2d624599d3b4d2888b0b1e311ef.jpg,263976,583
train_val2019/Plants/583/0d3a243b5641e1c9fb7640157590affa.jpg,148666,583
train_val2019/Plants/583/12c040e5b5d295c472dd4462204ad4a4.jpg,110377,583
train_val2019/Plants/583/f6776a336722a5b93a8f61bbaca0e4e7.jpg,1346,583
train_val2019/Plants/583/42b14a5d7e2848f2a2beefa0c19c6358.jpg,44252,583
train_val2019/Plants/583/e18610a690c39fa431b341982b8da9fc.jpg,55930,583
train_val2019/Plants/583/733ec2fd0ca589ec33046d0aca44df88.jpg,258017,583
train_val2019/Plants/583/5758ddeeaa73f3b4cebe916da99dd46b.jpg,32330,583
train_val2019/Plants/583/26a55df67e7fc57fd19ee1aece134648.jpg,96503,583
train_val2019/Plants/583/6b74376fbf58e954e31e66e0ef7bf9bc.jpg,92465,583
train_val2019/Plants/583/eca3d6e43fde688566027e0f43d71cc8.jpg,96757,583
train_val2019/Plants/583/9dd37c52a9a6fcc93def8c266c64c817.jpg,157793,583
train_val2019/Plants/583/a8ad98937124e79d63afadb0efee9314.jpg,60254,583
train_val2019/Plants/583/1dc789b7f8836cd849c5280832076f9c.jpg,171908,583
train_val2019/Plants/583/d2d79d66ccd18b75eaf6a69b9e020cb3.jpg,172279,583
train_val2019/Plants/583/c532caad643d0e5426cacaf7c6e12c59.jpg,7107,583
train_val2019/Plants/583/d59eacaf9ec2817431f65520ef909488.jpg,27301,583
train_val2019/Plants/583/f7e2163221ed3c1f6980a89f35adfdf8.jpg,95702,583
train_val2019/Plants/583/81ea55d8abd42ee584e183032e033124.jpg,105648,583
train_val2019/Plants/583/b282ed77830c060a02431da34c57b267.jpg,171321,583
train_val2019/Plants/583/f4943858de3039f8580669c941e813d5.jpg,257864,583
train_val2019/Plants/583/f05903d7b6ec5aa39f8379d2218557a9.jpg,147155,583
train_val2019/Plants/583/08ef8c1814079895ee09a65aa8a92b0b.jpg,250485,583
train_val2019/Plants/583/ccd58be3e376c7db97802b987209aa73.jpg,33066,583
train_val2019/Plants/583/afb06649cfab5fcb9152dd15bad83476.jpg,211235,583
train_val2019/Plants/583/26b9fb5ef814c62c846d07e1e6d96c38.jpg,98691,583
train_val2019/Plants/583/3aebb6d1af27695465abd499b81ba317.jpg,213214,583
train_val2019/Plants/583/91f1639dcf5f7d33f48194a43a023087.jpg,99993,583
train_val2019/Plants/583/c18407bab0a557686d911a423400a87a.jpg,31548,583
train_val2019/Plants/583/7f3502edfd751ecc419c4d8da69c7b98.jpg,96791,583
train_val2019/Plants/583/8ff69e62e109fb587ba2555d3e727da3.jpg,261437,583
train_val2019/Plants/583/b0ede24b6467fa77603b9aea34d32428.jpg,42558,583
train_val2019/Plants/583/4d62beac71199242703f514d91c1e044.jpg,52088,583
train_val2019/Plants/583/c012703e717b3fc0a0b5e93ac130a870.jpg,210996,583
train_val2019/Plants/583/ef8d6bbe14d80f8141529b99aaf1f0ce.jpg,97826,583
train_val2019/Plants/583/a56ab1608f436e32900af67d8f95e63c.jpg,101290,583
train_val2019/Plants/583/baaf12fdc91109edaa58cd59bea21183.jpg,2651,583
train_val2019/Plants/583/7f949bd35c4e5d7719df66b8b8c5119f.jpg,218604,583
train_val2019/Plants/583/0774d530184391006998a785789e9a67.jpg,260372,583
train_val2019/Plants/583/80393a04114a370ca8071237967fa2d2.jpg,31167,583
train_val2019/Plants/583/0c0dfa23a7a43e8d8c28bea7c31de012.jpg,30104,583
train_val2019/Plants/583/c9d6f683e3b23d0a96e1926620e8595e.jpg,167113,583
train_val2019/Plants/583/530204353248f31c221015c64dbe4c09.jpg,24185,583
train_val2019/Plants/583/ce0fb3df3535546aa817ecf5499ade5b.jpg,97269,583
train_val2019/Plants/583/e1b6dc55c710abe7a634b9def35718fd.jpg,90957,583
train_val2019/Plants/583/9abdb0ad294c27cccd9e2ba961acb137.jpg,107560,583
train_val2019/Plants/583/e16a3f8eaa6a0348542413cea3dad69f.jpg,210452,583
train_val2019/Plants/583/322af9bf557831780c88714f4f1cb86c.jpg,204917,583
train_val2019/Plants/583/fe58dff1ef95205c10fb553a6324e454.jpg,3456,583
train_val2019/Plants/583/59ad1047d89dfa9771c1d5451f529b82.jpg,215537,583
train_val2019/Plants/583/2cca36201a64d3d65c9aa176cdf94b8f.jpg,25651,583
train_val2019/Plants/583/4b522df81a89d310789a30241dcac114.jpg,108872,583
train_val2019/Plants/583/9785e94474100cea7c87b071c0619ae0.jpg,209115,583
train_val2019/Plants/583/d23a30ee7db63b9891fa64a58d821564.jpg,54850,583
train_val2019/Plants/583/f48e5738c124e68c892d16d0fab78f29.jpg,40955,583
train_val2019/Plants/583/66c7654e28899e2391aebcefa83f367e.jpg,95681,583
train_val2019/Plants/583/21511c24352a0f3018c2313aad20f837.jpg,169988,583
train_val2019/Plants/583/d955b088f2327deae92ea174a6810207.jpg,44150,583
train_val2019/Birds/202/5c5e14748c751e09ab3bf97a75906f2b.jpg,84106,202
train_val2019/Plants/444/ea4639e0b92a0a33d9460d5d815951e9.jpg,139112,444
train_val2019/Birds/222/645116c2692ed4747398881baf52d42f.jpg,124348,222
train_val2019/Plants/905/fb35a221d0e66f4944d2a569a2ddeaa6.jpg,198054,905
train_val2019/Insects/91/283814da1b16e36680cab776e6f0f7fd.jpg,18167,91
train_val2019/Plants/504/49156355fd0af22092afda70413da81a.jpg,106592,504
train_val2019/Plants/333/a663dd6af119332789138f48e18850c8.jpg,47133,333
train_val2019/Plants/335/56263db03ba212c0d5d8b6ea8fedb3fc.jpg,121039,335
train_val2019/Insects/142/4ade4086ad625104c940462f4148b134.jpg,74178,142
train_val2019/Plants/848/0badc9b41984c57541beddf259e4f20c.jpg,21170,848
train_val2019/Insects/135/ad26e51070c8ea5deca329e04ebc0d7b.jpg,54325,135
train_val2019/Insects/86/c8df615f2912bcfece6e64fe4c007794.jpg,183783,86
train_val2019/Plants/335/9b51de344478e31daea42839d294771e.jpg,231976,335
train_val2019/Plants/577/796f467dd90ca9c5e16eb15dfec30ab4.jpg,48905,577
train_val2019/Birds/233/8affc08ddcf46db2bd188cb99b1d8796.jpg,239751,233
train_val2019/Birds/205/48cf08d2dae1a2c34597fb0d2040ead0.jpg,9075,205
train_val2019/Plants/782/54fc8fd4add03af32b4b871f25eba158.jpg,139771,782
train_val2019/Birds/203/cd5b89ccaf503d506a0bd2146424e28d.jpg,32903,203
train_val2019/Insects/96/8e441629bfc4b6f81e0bc16d62dcd74b.jpg,172513,96
train_val2019/Birds/291/adc81f647b30286868ae4f5e17cf6952.jpg,189708,291
train_val2019/Plants/718/bc0ea99ee9c3f22965f0ad7b596209e7.jpg,113773,718
train_val2019/Birds/262/911a3c22ae34e57d7a933c331621b98f.jpg,158725,262
train_val2019/Insects/48/18d2dd2599d7e5e6c8cb5d74bbd03b18.jpg,39620,48
train_val2019/Plants/592/1e3963a0297e78ec238cc317bd62cf3f.jpg,35868,592
train_val2019/Birds/240/e66019310cfd7c264a8ce295f402a823.jpg,135746,240
train_val2019/Birds/261/81bc691d84d7e7a965dee8666e50b3fe.jpg,83034,261
train_val2019/Insects/140/deec5a7e3f10413f7ead923980abbec6.jpg,198627,140
