class,family,genus,id,kingdom,name,order,phylum
2,35,1,0,2,822,6,2
2,35,1,1,2,114,6,2
2,35,1,2,2,362,6,2
2,35,1,3,2,929,6,2
2,35,1,4,2,878,6,2
2,35,1,5,2,165,6,2
2,35,1,6,2,268,6,2
2,35,1,7,2,520,6,2
2,35,1,8,2,232,6,2
2,35,1,9,2,90,6,2
2,35,1,10,2,285,6,2
2,35,1,11,2,491,6,2
0,12,28,12,1,430,2,3
0,12,28,13,1,828,2,3
0,12,28,14,1,241,2,3
0,12,28,15,1,545,2,3
0,12,28,16,1,751,2,3
0,12,28,17,1,357,2,3
0,12,28,18,1,400,2,3
0,12,28,19,1,212,2,3
0,12,28,20,1,406,2,3
0,12,28,21,1,227,2,3
0,12,28,22,1,307,2,3
0,51,17,23,1,348,30,3
0,51,17,24,1,441,30,3
0,51,17,25,1,77,30,3
0,51,17,26,1,642,30,3
0,51,17,27,1,281,30,3
0,51,17,28,1,538,30,3
0,51,17,29,1,909,30,3
0,51,17,30,1,601,30,3
0,51,17,31,1,472,30,3
0,51,17,32,1,144,30,3
0,51,65,33,1,475,30,3
0,51,65,34,1,608,30,3
0,51,65,35,1,786,30,3
0,51,65,36,1,634,30,3
0,51,65,37,1,953,30,3
0,51,65,38,1,231,30,3
0,51,65,39,1,139,30,3
0,51,65,40,1,793,30,3
0,51,65,41,1,59,30,3
0,51,65,42,1,734,30,3
0,31,56,43,1,706,30,3
0,31,56,44,1,22,30,3
0,31,56,45,1,238,30,3
0,31,56,46,1,810,30,3
0,31,56,47,1,853,30,3
0,31,56,48,1,75,30,3
0,31,56,49,1,62,30,3
0,31,56,50,1,674,30,3
0,31,56,51,1,423,30,3
0,31,56,52,1,446,30,3
0,31,56,53,1,944,30,3
0,31,56,54,1,33,30,3
0,31,56,55,1,110,30,3
0,31,56,56,1,946,30,3
0,31,56,57,1,898,30,3
0,31,68,58,1,301,30,3
0,31,68,59,1,806,30,3
0,31,68,60,1,451,30,3
0,31,68,61,1,627,30,3
0,31,68,62,1,154,30,3
0,31,68,63,1,369,30,3
0,31,68,64,1,300,30,3
0,31,68,65,1,881,30,3
0,31,68,66,1,912,30,3
0,31,68,67,1,58,30,3
0,31,35,68,1,661,30,3
0,31,35,69,1,551,30,3
0,31,35,70,1,142,30,3
0,31,35,71,1,739,30,3
0,31,35,72,1,656,30,3
0,31,35,73,1,215,30,3
0,31,35,74,1,147,30,3
0,31,35,75,1,861,30,3
0,31,35,76,1,682,30,3
0,31,35,77,1,89,30,3
0,31,35,78,1,508,30,3
0,31,35,79,1,36,30,3
0,6,32,80,1,81,14,3
0,6,32,81,1,72,14,3
0,6,32,82,1,646,14,3
0,6,32,83,1,354,14,3
0,6,32,84,1,591,14,3
0,6,32,85,1,478,14,3
0,6,32,86,1,137,14,3
0,6,32,87,1,752,14,3
0,6,32,88,1,506,14,3
0,6,32,89,1,637,14,3
0,6,32,90,1,980,14,3
0,2,55,91,1,581,14,3
0,2,55,92,1,938,14,3
0,2,55,93,1,916,14,3
0,2,55,94,1,44,14,3
0,2,55,95,1,648,14,3
0,2,55,96,1,915,14,3
0,2,55,97,1,489,14,3
0,2,55,98,1,222,14,3
0,2,55,99,1,688,14,3
0,2,55,100,1,398,14,3
0,2,55,101,1,465,14,3
0,2,55,102,1,524,14,3
0,2,55,103,1,14,14,3
0,2,55,104,1,543,14,3
0,2,55,105,1,355,14,3
0,2,55,106,1,487,14,3
0,2,55,107,1,374,14,3
0,2,55,108,1,100,14,3
0,2,55,109,1,949,14,3
0,2,55,110,1,29,14,3
0,2,55,111,1,926,14,3
0,2,55,112,1,952,14,3
0,2,55,113,1,178,14,3
0,41,24,114,1,564,18,3
0,41,24,115,1,464,18,3
0,41,24,116,1,696,18,3
0,41,24,117,1,293,18,3
0,41,24,118,1,276,18,3
0,41,24,119,1,30,18,3
0,41,24,120,1,733,18,3
0,41,24,121,1,192,18,3
0,41,24,122,1,359,18,3
0,41,24,123,1,700,18,3
0,41,24,124,1,694,18,3
0,41,24,125,1,115,18,3
0,41,24,126,1,521,18,3
0,41,24,127,1,83,18,3
0,41,24,128,1,731,18,3
0,41,24,129,1,936,18,3
0,41,24,130,1,456,18,3
0,41,24,131,1,443,18,3
0,41,24,132,1,677,18,3
0,41,24,133,1,823,18,3
0,41,24,134,1,664,18,3
0,41,24,135,1,992,18,3
0,41,24,136,1,407,18,3
0,41,24,137,1,418,18,3
0,41,24,138,1,993,18,3
0,22,51,139,1,988,18,3
0,22,51,140,1,468,18,3
0,22,51,141,1,134,18,3
0,22,51,142,1,101,18,3
0,22,51,143,1,367,18,3
0,22,51,144,1,942,18,3
0,22,51,145,1,906,18,3
0,22,51,146,1,930,18,3
0,22,51,147,1,87,18,3
0,22,51,148,1,834,18,3
0,22,51,149,1,919,18,3
0,22,51,150,1,509,18,3
0,22,51,151,1,717,18,3
0,22,51,152,1,555,18,3
8,46,3,153,1,200,25,0
8,46,3,154,1,577,25,0
8,46,3,155,1,382,25,0
8,46,3,156,1,317,25,0
8,46,3,157,1,923,25,0
8,46,3,158,1,1008,25,0
8,46,3,159,1,803,25,0
8,46,3,160,1,559,25,0
8,46,3,161,1,84,25,0
8,46,3,162,1,339,25,0
4,44,52,163,1,104,12,0
4,44,52,164,1,862,12,0
4,44,52,165,1,474,12,0
4,44,52,166,1,49,12,0
4,44,52,167,1,560,12,0
4,44,52,168,1,659,12,0
4,44,52,169,1,375,12,0
4,44,52,170,1,219,12,0
4,44,52,171,1,131,12,0
4,44,52,172,1,363,12,0
4,44,52,173,1,455,12,0
4,44,52,174,1,396,12,0
4,44,52,175,1,1005,12,0
4,44,52,176,1,466,12,0
4,44,52,177,1,205,12,0
4,44,52,178,1,379,12,0
4,44,52,179,1,797,12,0
4,44,52,180,1,583,12,0
4,33,43,181,1,794,12,0
4,33,43,182,1,562,12,0
4,33,43,183,1,67,12,0
4,33,43,184,1,201,12,0
4,33,43,185,1,337,12,0
4,33,43,186,1,968,12,0
4,33,43,187,1,743,12,0
4,33,43,188,1,922,12,0
4,33,43,189,1,103,12,0
4,33,43,190,1,757,12,0
4,33,43,191,1,336,12,0
4,52,34,192,1,403,12,0
4,52,34,193,1,315,12,0
4,52,34,194,1,395,12,0
4,52,34,195,1,889,12,0
4,52,34,196,1,80,12,0
4,52,34,197,1,141,12,0
4,52,34,198,1,133,12,0
4,52,34,199,1,331,12,0
4,52,34,200,1,596,12,0
4,52,34,201,1,754,12,0
7,45,9,202,1,787,16,0
7,45,9,203,1,705,16,0
7,45,9,204,1,766,16,0
7,45,9,205,1,313,16,0
7,45,9,206,1,346,16,0
7,45,9,207,1,130,16,0
7,45,9,208,1,718,16,0
7,45,9,209,1,328,16,0
7,45,9,210,1,136,16,0
7,45,9,211,1,586,16,0
7,8,38,212,1,549,16,0
7,8,38,213,1,45,16,0
7,8,38,214,1,202,16,0
7,8,38,215,1,312,16,0
7,8,38,216,1,460,16,0
7,8,38,217,1,759,16,0
7,8,38,218,1,151,16,0
7,8,38,219,1,195,16,0
7,8,38,220,1,701,16,0
7,8,38,221,1,686,16,0
7,8,38,222,1,568,16,0
7,8,38,223,1,818,16,0
7,11,53,224,1,186,16,0
7,11,53,225,1,602,16,0
7,11,53,226,1,384,16,0
7,11,53,227,1,265,16,0
7,11,53,228,1,419,16,0
7,11,53,229,1,299,16,0
7,11,53,230,1,206,16,0
7,11,53,231,1,735,16,0
7,11,53,232,1,277,16,0
7,11,53,233,1,405,16,0
7,11,53,234,1,724,16,0
7,10,21,235,1,501,16,0
7,10,21,236,1,388,16,0
7,10,21,237,1,476,16,0
7,10,21,238,1,461,16,0
7,10,21,239,1,218,16,0
7,10,21,240,1,845,16,0
7,10,21,241,1,749,16,0
7,10,21,242,1,167,16,0
7,10,21,243,1,932,16,0
7,10,21,244,1,858,16,0
7,10,21,245,1,162,16,0
7,10,21,246,1,507,16,0
7,10,21,247,1,338,16,0
7,10,21,248,1,198,16,0
7,10,21,249,1,981,16,0
7,10,21,250,1,773,16,0
7,10,21,251,1,351,16,0
7,10,21,252,1,457,16,0
7,10,21,253,1,25,16,0
7,10,21,254,1,638,16,0
7,10,21,255,1,516,16,0
7,10,21,256,1,273,16,0
7,5,36,257,1,829,16,0
7,5,36,258,1,240,16,0
7,5,36,259,1,438,16,0
7,5,36,260,1,819,16,0
7,5,36,261,1,143,16,0
7,5,36,262,1,950,16,0
7,5,36,263,1,372,16,0
7,5,36,264,1,699,16,0
7,5,36,265,1,409,16,0
7,5,36,266,1,297,16,0
7,14,40,267,1,814,24,0
7,14,40,268,1,825,24,0
7,14,40,269,1,327,24,0
7,14,40,270,1,341,24,0
7,14,40,271,1,597,24,0
7,14,40,272,1,600,24,0
7,14,40,273,1,639,24,0
7,14,40,274,1,978,24,0
7,14,40,275,1,453,24,0
7,14,40,276,1,641,24,0
7,14,40,277,1,450,24,0
7,14,40,278,1,782,24,0
7,14,40,279,1,112,24,0
7,14,40,280,1,660,24,0
7,14,40,281,1,887,24,0
7,17,19,282,1,607,24,0
7,17,19,283,1,50,24,0
7,17,19,284,1,534,24,0
7,17,19,285,1,145,24,0
7,17,19,286,1,318,24,0
7,17,19,287,1,876,24,0
7,17,19,288,1,698,24,0
7,17,19,289,1,108,24,0
7,17,19,290,1,695,24,0
7,17,19,291,1,158,24,0
7,17,19,292,1,616,24,0
7,17,19,293,1,859,24,0
7,17,19,294,1,350,24,0
7,17,19,295,1,557,24,0
7,17,12,296,1,76,24,0
7,17,12,297,1,954,24,0
7,17,12,298,1,650,24,0
7,17,12,299,1,943,24,0
7,17,12,300,1,191,24,0
7,17,12,301,1,223,24,0
7,17,12,302,1,319,24,0
7,17,12,303,1,685,24,0
7,17,12,304,1,1009,24,0
7,17,12,305,1,969,24,0
7,17,12,306,1,442,24,0
7,49,6,307,1,958,24,0
7,49,6,308,1,554,24,0
7,49,6,309,1,224,24,0
7,49,6,310,1,976,24,0
7,49,6,311,1,156,24,0
7,49,6,312,1,43,24,0
7,49,6,313,1,401,24,0
7,49,6,314,1,3,24,0
7,49,6,315,1,788,24,0
7,49,6,316,1,303,24,0
7,49,6,317,1,813,24,0
7,26,14,318,1,769,20,0
7,26,14,319,1,462,20,0
7,26,14,320,1,838,20,0
7,26,14,321,1,210,20,0
7,26,14,322,1,370,20,0
7,26,14,323,1,0,20,0
7,26,14,324,1,54,20,0
7,26,14,325,1,480,20,0
7,26,14,326,1,235,20,0
7,26,14,327,1,168,20,0
5,19,63,328,0,2,5,1
5,19,63,329,0,589,5,1
5,19,63,330,0,744,5,1
5,19,63,331,0,882,5,1
5,19,63,332,0,467,5,1
5,19,63,333,0,716,5,1
5,19,63,334,0,79,5,1
5,19,63,335,0,267,5,1
5,19,63,336,0,569,5,1
5,19,63,337,0,891,5,1
5,19,63,338,0,668,5,1
5,19,63,339,0,415,5,1
5,19,63,340,0,605,5,1
5,23,4,341,0,41,5,1
5,23,4,342,0,697,5,1
5,23,4,343,0,666,5,1
5,23,4,344,0,71,5,1
5,23,4,345,0,321,5,1
5,23,4,346,0,767,5,1
5,23,4,347,0,886,5,1
5,23,4,348,0,723,5,1
5,23,4,349,0,831,5,1
5,23,4,350,0,1003,5,1
5,23,4,351,0,647,5,1
5,23,4,352,0,188,5,1
5,0,49,353,0,510,21,1
5,0,49,354,0,211,21,1
5,0,49,355,0,528,21,1
5,0,49,356,0,196,21,1
5,0,49,357,0,948,21,1
5,0,49,358,0,183,21,1
5,0,49,359,0,614,21,1
5,0,49,360,0,420,21,1
5,0,49,361,0,155,21,1
5,0,49,362,0,617,21,1
5,0,45,363,0,745,21,1
5,0,45,364,0,173,21,1
5,0,45,365,0,807,21,1
5,0,45,366,0,427,21,1
5,0,45,367,0,975,21,1
5,0,45,368,0,292,21,1
5,0,45,369,0,736,21,1
5,0,45,370,0,611,21,1
5,0,45,371,0,603,21,1
5,0,45,372,0,681,21,1
5,0,45,373,0,449,21,1
5,0,45,374,0,710,21,1
5,0,45,375,0,572,21,1
5,0,31,376,0,689,21,1
5,0,31,377,0,485,21,1
5,0,31,378,0,256,21,1
5,0,31,379,0,790,21,1
5,0,31,380,0,977,21,1
5,0,31,381,0,892,21,1
5,0,31,382,0,216,21,1
5,0,31,383,0,416,21,1
5,0,31,384,0,565,21,1
5,0,31,385,0,366,21,1
5,0,31,386,0,463,21,1
5,0,31,387,0,270,21,1
5,0,31,388,0,226,21,1
5,0,31,389,0,753,21,1
5,0,33,390,0,762,21,1
5,0,33,391,0,4,21,1
5,0,33,392,0,947,21,1
5,0,33,393,0,777,21,1
5,0,33,394,0,663,21,1
5,0,33,395,0,381,21,1
5,0,33,396,0,105,21,1
5,0,33,397,0,561,21,1
5,0,33,398,0,314,21,1
5,0,33,399,0,353,21,1
5,25,16,400,0,473,8,1
5,25,16,401,0,166,8,1
5,25,16,402,0,514,8,1
5,25,16,403,0,199,8,1
5,25,16,404,0,7,8,1
5,25,16,405,0,129,8,1
5,25,16,406,0,266,8,1
5,25,16,407,0,519,8,1
5,25,16,408,0,804,8,1
5,25,16,409,0,274,8,1
5,25,16,410,0,153,8,1
5,25,16,411,0,253,8,1
5,25,16,412,0,776,8,1
5,25,16,413,0,94,8,1
5,25,16,414,0,547,8,1
5,25,16,415,0,902,8,1
5,50,8,416,0,249,28,1
5,50,8,417,0,740,28,1
5,50,8,418,0,503,28,1
5,50,8,419,0,857,28,1
5,50,8,420,0,184,28,1
5,50,8,421,0,802,28,1
5,50,8,422,0,493,28,1
5,50,8,423,0,575,28,1
5,50,8,424,0,678,28,1
5,50,8,425,0,789,28,1
5,50,8,426,0,414,28,1
5,50,8,427,0,214,28,1
5,50,8,428,0,302,28,1
5,50,42,429,0,847,28,1
5,50,42,430,0,279,28,1
5,50,42,431,0,799,28,1
5,50,42,432,0,901,28,1
5,50,42,433,0,361,28,1
5,50,42,434,0,556,28,1
5,50,42,435,0,124,28,1
5,50,42,436,0,93,28,1
5,50,42,437,0,174,28,1
5,50,42,438,0,159,28,1
5,50,42,439,0,243,28,1
5,50,42,440,0,46,28,1
5,50,42,441,0,927,28,1
5,20,37,442,0,795,4,1
5,20,37,443,0,982,4,1
5,20,37,444,0,378,4,1
5,20,37,445,0,469,4,1
5,20,37,446,0,1006,4,1
5,20,37,447,0,883,4,1
5,20,37,448,0,380,4,1
5,20,37,449,0,566,4,1
5,20,37,450,0,404,4,1
5,20,37,451,0,10,4,1
5,20,37,452,0,306,4,1
5,20,37,453,0,895,4,1
5,20,37,454,0,548,4,1
5,53,57,455,0,127,17,1
5,53,57,456,0,28,17,1
5,53,57,457,0,645,17,1
5,53,57,458,0,833,17,1
5,53,57,459,0,960,17,1
5,53,57,460,0,209,17,1
5,53,57,461,0,263,17,1
5,53,57,462,0,640,17,1
5,53,57,463,0,479,17,1
5,53,57,464,0,323,17,1
5,7,66,465,0,816,1,1
5,7,66,466,0,272,1,1
5,7,66,467,0,221,1,1
5,7,66,468,0,477,1,1
5,7,66,469,0,644,1,1
5,7,66,470,0,18,1,1
5,7,66,471,0,872,1,1
5,7,66,472,0,671,1,1
5,7,66,473,0,863,1,1
5,7,66,474,0,437,1,1
5,7,66,475,0,283,1,1
5,7,66,476,0,747,1,1
5,7,66,477,0,24,1,1
5,39,54,478,0,1000,1,1
5,39,54,479,0,866,1,1
5,39,54,480,0,435,1,1
5,39,54,481,0,598,1,1
5,39,54,482,0,999,1,1
5,39,54,483,0,73,1,1
5,39,54,484,0,385,1,1
5,39,54,485,0,248,1,1
5,39,54,486,0,985,1,1
5,39,54,487,0,632,1,1
5,39,54,488,0,540,1,1
5,39,54,489,0,670,1,1
5,34,15,490,0,5,3,1
5,34,15,491,0,161,3,1
5,34,15,492,0,433,3,1
5,34,15,493,0,325,3,1
5,34,15,494,0,974,3,1
5,34,15,495,0,904,3,1
5,34,15,496,0,356,3,1
5,34,15,497,0,417,3,1
5,34,15,498,0,837,3,1
5,34,15,499,0,815,3,1
5,34,15,500,0,973,3,1
5,34,15,501,0,651,3,1
5,34,15,502,0,867,3,1
5,36,18,503,0,746,23,1
5,36,18,504,0,251,23,1
5,36,18,505,0,399,23,1
5,36,18,506,0,675,23,1
5,36,18,507,0,918,23,1
5,36,18,508,0,344,23,1
5,36,18,509,0,732,23,1
5,36,18,510,0,653,23,1
5,36,18,511,0,755,23,1
5,36,18,512,0,801,23,1
5,36,18,513,0,121,23,1
5,36,18,514,0,275,23,1
5,36,18,515,0,998,23,1
5,36,18,516,0,102,23,1
5,36,18,517,0,771,23,1
5,36,30,518,0,796,23,1
5,36,30,519,0,291,23,1
5,36,30,520,0,426,23,1
5,36,30,521,0,679,23,1
5,36,30,522,0,193,23,1
5,36,30,523,0,761,23,1
5,36,30,524,0,812,23,1
5,36,30,525,0,550,23,1
5,36,30,526,0,26,23,1
5,36,30,527,0,655,23,1
5,36,30,528,0,305,23,1
5,36,30,529,0,712,23,1
5,36,30,530,0,933,23,1
5,36,30,531,0,592,23,1
5,16,10,532,0,436,23,1
5,16,10,533,0,111,23,1
5,16,10,534,0,836,23,1
5,16,10,535,0,486,23,1
5,16,10,536,0,164,23,1
5,16,10,537,0,66,23,1
5,16,10,538,0,412,23,1
5,16,10,539,0,899,23,1
5,16,10,540,0,91,23,1
5,16,10,541,0,9,23,1
5,16,10,542,0,618,23,1
5,16,10,543,0,197,23,1
5,47,71,544,0,82,23,1
5,47,71,545,0,439,23,1
5,47,71,546,0,885,23,1
5,47,71,547,0,983,23,1
5,47,71,548,0,991,23,1
5,47,71,549,0,708,23,1
5,47,71,550,0,1001,23,1
5,47,71,551,0,349,23,1
5,47,71,552,0,791,23,1
5,47,71,553,0,615,23,1
5,47,71,554,0,941,23,1
5,47,71,555,0,587,23,1
5,9,29,556,0,431,10,1
5,9,29,557,0,533,10,1
5,9,29,558,0,330,10,1
5,9,29,559,0,445,10,1
5,9,29,560,0,573,10,1
5,9,29,561,0,913,10,1
5,9,29,562,0,585,10,1
5,9,29,563,0,35,10,1
5,9,29,564,0,897,10,1
5,9,29,565,0,972,10,1
5,9,29,566,0,304,10,1
5,9,29,567,0,599,10,1
5,9,29,568,0,471,10,1
5,9,29,569,0,434,10,1
5,9,29,570,0,428,10,1
5,9,29,571,0,34,10,1
5,9,29,572,0,654,10,1
5,9,29,573,0,358,10,1
5,9,29,574,0,903,10,1
5,9,29,575,0,907,10,1
5,9,29,576,0,840,10,1
5,9,29,577,0,96,10,1
5,9,29,578,0,959,10,1
5,9,29,579,0,665,10,1
5,9,29,580,0,160,10,1
5,29,11,581,0,835,19,1
5,29,11,582,0,15,19,1
5,29,11,583,0,68,19,1
5,29,11,584,0,6,19,1
5,29,11,585,0,526,19,1
5,29,11,586,0,502,19,1
5,29,11,587,0,672,19,1
5,29,11,588,0,613,19,1
5,29,11,589,0,784,19,1
5,29,11,590,0,88,19,1
5,29,11,591,0,832,19,1
5,29,11,592,0,230,19,1
5,29,11,593,0,970,19,1
5,29,11,594,0,523,19,1
5,29,11,595,0,117,19,1
5,38,61,596,0,588,11,1
5,38,61,597,0,376,11,1
5,38,61,598,0,658,11,1
5,38,61,599,0,113,11,1
5,38,61,600,0,95,11,1
5,38,61,601,0,371,11,1
5,38,61,602,0,570,11,1
5,38,61,603,0,626,11,1
5,38,61,604,0,64,11,1
5,38,61,605,0,966,11,1
5,38,61,606,0,856,11,1
5,38,61,607,0,630,11,1
5,38,61,608,0,844,11,1
5,38,61,609,0,345,11,1
5,38,61,610,0,496,11,1
5,38,61,611,0,531,11,1
5,38,61,612,0,875,11,1
5,38,61,613,0,910,11,1
5,38,61,614,0,250,11,1
5,38,61,615,0,483,11,1
5,38,61,616,0,138,11,1
5,38,61,617,0,725,11,1
5,38,61,618,0,877,11,1
5,38,61,619,0,271,11,1
5,38,61,620,0,47,11,1
5,15,47,621,0,27,11,1
5,15,47,622,0,957,11,1
5,15,47,623,0,391,11,1
5,15,47,624,0,730,11,1
5,15,47,625,0,125,11,1
5,15,47,626,0,839,11,1
5,15,47,627,0,593,11,1
5,15,47,628,0,118,11,1
5,15,47,629,0,31,11,1
5,15,47,630,0,830,11,1
5,15,47,631,0,780,11,1
5,15,47,632,0,544,11,1
5,15,47,633,0,687,11,1
5,15,47,634,0,425,11,1
5,15,47,635,0,122,11,1
5,15,47,636,0,635,11,1
5,15,47,637,0,984,11,1
5,15,47,638,0,505,11,1
5,15,47,639,0,408,11,1
5,15,47,640,0,880,11,1
5,15,47,641,0,504,11,1
5,15,47,642,0,495,11,1
5,15,47,643,0,204,11,1
5,1,44,644,0,535,26,1
5,1,44,645,0,452,26,1
5,1,44,646,0,237,26,1
5,1,44,647,0,61,26,1
5,1,44,648,0,527,26,1
5,1,44,649,0,458,26,1
5,1,44,650,0,340,26,1
5,1,44,651,0,239,26,1
5,1,44,652,0,860,26,1
5,1,44,653,0,278,26,1
5,1,44,654,0,21,26,1
5,1,44,655,0,262,26,1
5,42,39,656,0,820,0,1
5,42,39,657,0,220,0,1
5,42,39,658,0,851,0,1
5,42,39,659,0,98,0,1
5,42,39,660,0,522,0,1
5,42,39,661,0,865,0,1
5,42,39,662,0,720,0,1
5,42,39,663,0,282,0,1
5,42,39,664,0,261,0,1
5,42,39,665,0,846,0,1
5,42,39,666,0,848,0,1
5,42,39,667,0,792,0,1
5,42,39,668,0,579,0,1
5,42,39,669,0,956,0,1
5,42,39,670,0,335,0,1
5,42,39,671,0,841,0,1
5,42,39,672,0,185,0,1
5,42,39,673,0,532,0,1
5,42,39,674,0,259,0,1
5,42,39,675,0,620,0,1
5,42,39,676,0,676,0,1
5,42,39,677,0,208,0,1
5,42,39,678,0,662,0,1
5,42,39,679,0,97,0,1
5,42,39,680,0,123,0,1
5,42,39,681,0,967,0,1
5,42,39,682,0,995,0,1
5,42,39,683,0,868,0,1
5,42,39,684,0,1002,0,1
5,42,39,685,0,294,0,1
5,42,39,686,0,584,0,1
5,42,39,687,0,692,0,1
5,42,39,688,0,234,0,1
5,42,39,689,0,286,0,1
5,42,39,690,0,623,0,1
5,42,39,691,0,738,0,1
5,42,39,692,0,742,0,1
5,42,39,693,0,552,0,1
5,21,70,694,0,728,29,1
5,21,70,695,0,298,29,1
5,21,70,696,0,997,29,1
5,21,70,697,0,364,29,1
5,21,70,698,0,827,29,1
5,21,70,699,0,714,29,1
5,21,70,700,0,748,29,1
5,21,70,701,0,669,29,1
5,21,70,702,0,715,29,1
5,21,70,703,0,135,29,1
5,21,70,704,0,768,29,1
5,21,7,705,0,962,29,1
5,21,7,706,0,498,29,1
5,21,7,707,0,290,29,1
5,21,7,708,0,558,29,1
5,21,7,709,0,225,29,1
5,21,7,710,0,152,29,1
5,21,7,711,0,737,29,1
5,21,7,712,0,821,29,1
5,21,7,713,0,704,29,1
5,21,7,714,0,921,29,1
5,21,7,715,0,213,29,1
5,21,7,716,0,99,29,1
5,21,58,717,0,690,29,1
5,21,58,718,0,440,29,1
5,21,58,719,0,69,29,1
5,21,58,720,0,63,29,1
5,21,58,721,0,873,29,1
5,21,58,722,0,920,29,1
5,21,58,723,0,652,29,1
5,21,58,724,0,78,29,1
5,21,58,725,0,176,29,1
5,21,58,726,0,492,29,1
5,21,58,727,0,494,29,1
5,21,58,728,0,693,29,1
5,21,58,729,0,316,29,1
5,21,58,730,0,180,29,1
5,54,60,731,0,229,7,1
5,54,60,732,0,146,7,1
5,54,60,733,0,499,7,1
5,54,60,734,0,181,7,1
5,54,60,735,0,481,7,1
5,54,60,736,0,260,7,1
5,54,60,737,0,32,7,1
5,54,60,738,0,951,7,1
5,54,60,739,0,621,7,1
5,54,60,740,0,422,7,1
5,54,60,741,0,140,7,1
5,54,60,742,0,763,7,1
5,54,60,743,0,900,7,1
5,54,60,744,0,908,7,1
5,54,60,745,0,917,7,1
5,54,60,746,0,57,7,1
5,54,60,747,0,373,7,1
5,56,50,748,0,51,7,1
5,56,50,749,0,683,7,1
5,56,50,750,0,393,7,1
5,56,50,751,0,610,7,1
5,56,50,752,0,576,7,1
5,56,50,753,0,760,7,1
5,56,50,754,0,16,7,1
5,56,50,755,0,247,7,1
5,56,50,756,0,402,7,1
5,56,50,757,0,578,7,1
5,56,50,758,0,604,7,1
5,56,50,759,0,55,7,1
5,56,50,760,0,269,7,1
5,56,50,761,0,914,7,1
5,56,50,762,0,126,7,1
5,56,50,763,0,429,7,1
5,56,50,764,0,996,7,1
5,56,50,765,0,772,7,1
5,24,5,766,0,574,7,1
5,24,5,767,0,994,7,1
5,24,5,768,0,955,7,1
5,24,5,769,0,360,7,1
5,24,5,770,0,517,7,1
5,24,5,771,0,236,7,1
5,24,5,772,0,563,7,1
5,24,5,773,0,194,7,1
5,24,5,774,0,284,7,1
5,24,5,775,0,296,7,1
5,4,64,776,0,937,7,1
5,4,64,777,0,169,7,1
5,4,64,778,0,571,7,1
5,4,64,779,0,987,7,1
5,4,64,780,0,774,7,1
5,4,64,781,0,765,7,1
5,4,64,782,0,42,7,1
5,4,64,783,0,482,7,1
5,4,64,784,0,454,7,1
5,4,64,785,0,490,7,1
5,4,64,786,0,332,7,1
5,4,64,787,0,288,7,1
5,4,64,788,0,595,7,1
5,4,62,789,0,342,7,1
5,4,62,790,0,986,7,1
5,4,62,791,0,245,7,1
5,4,62,792,0,939,7,1
5,4,62,793,0,228,7,1
5,4,62,794,0,713,7,1
5,4,62,795,0,729,7,1
5,4,62,796,0,289,7,1
5,4,62,797,0,594,7,1
5,4,62,798,0,120,7,1
5,43,48,799,0,8,27,1
5,43,48,800,0,721,27,1
5,43,48,801,0,888,27,1
5,43,48,802,0,824,27,1
5,43,48,803,0,172,27,1
5,43,48,804,0,935,27,1
5,43,48,805,0,869,27,1
5,43,48,806,0,805,27,1
5,43,48,807,0,40,27,1
5,43,48,808,0,537,27,1
5,43,48,809,0,684,27,1
5,43,48,810,0,940,27,1
5,43,48,811,0,934,27,1
5,43,48,812,0,809,27,1
5,43,48,813,0,965,27,1
5,43,48,814,0,37,27,1
5,43,48,815,0,800,27,1
5,43,48,816,0,606,27,1
5,43,48,817,0,322,27,1
5,48,27,818,0,12,27,1
5,48,27,819,0,511,27,1
5,48,27,820,0,764,27,1
5,48,27,821,0,513,27,1
5,48,27,822,0,23,27,1
5,48,27,823,0,107,27,1
5,48,27,824,0,750,27,1
5,48,27,825,0,352,27,1
5,48,27,826,0,961,27,1
5,48,27,827,0,60,27,1
5,48,27,828,0,989,27,1
5,48,27,829,0,177,27,1
5,48,27,830,0,13,27,1
5,48,27,831,0,778,27,1
5,48,27,832,0,884,27,1
5,48,27,833,0,779,27,1
5,28,46,834,0,629,9,1
5,28,46,835,0,280,9,1
5,28,46,836,0,386,9,1
5,28,46,837,0,497,9,1
5,28,46,838,0,85,9,1
5,28,46,839,0,798,9,1
5,28,46,840,0,48,9,1
5,28,46,841,0,619,9,1
5,28,46,842,0,896,9,1
5,28,46,843,0,347,9,1
5,28,46,844,0,17,9,1
5,28,46,845,0,1004,9,1
5,28,0,846,0,11,9,1
5,28,0,847,0,53,9,1
5,28,0,848,0,128,9,1
5,28,0,849,0,116,9,1
5,28,0,850,0,727,9,1
5,28,0,851,0,964,9,1
5,28,0,852,0,852,9,1
5,28,0,853,0,963,9,1
5,28,0,854,0,484,9,1
5,28,0,855,0,567,9,1
5,28,0,856,0,179,9,1
5,28,0,857,0,894,9,1
5,28,0,858,0,38,9,1
5,28,0,859,0,925,9,1
5,28,0,860,0,190,9,1
5,28,0,861,0,170,9,1
5,28,0,862,0,530,9,1
5,28,0,863,0,631,9,1
5,28,0,864,0,756,9,1
5,28,0,865,0,625,9,1
5,28,41,866,0,377,9,1
5,28,41,867,0,924,9,1
5,28,41,868,0,448,9,1
5,28,41,869,0,187,9,1
5,28,41,870,0,149,9,1
5,28,41,871,0,257,9,1
5,28,41,872,0,649,9,1
5,28,41,873,0,392,9,1
5,28,41,874,0,368,9,1
5,28,41,875,0,410,9,1
5,28,41,876,0,843,9,1
5,28,41,877,0,911,9,1
5,28,41,878,0,971,9,1
5,28,41,879,0,92,9,1
5,28,41,880,0,854,9,1
5,28,26,881,0,470,9,1
5,28,26,882,0,680,9,1
5,28,26,883,0,879,9,1
5,28,26,884,0,709,9,1
5,28,26,885,0,1,9,1
5,28,26,886,0,518,9,1
5,28,26,887,0,39,9,1
5,28,26,888,0,65,9,1
5,28,26,889,0,119,9,1
5,28,26,890,0,990,9,1
5,13,13,891,0,628,33,1
5,13,13,892,0,390,33,1
5,13,13,893,0,447,33,1
5,13,13,894,0,74,33,1
5,13,13,895,0,246,33,1
5,13,13,896,0,515,33,1
5,13,13,897,0,20,33,1
5,13,13,898,0,394,33,1
5,13,13,899,0,870,33,1
5,13,13,900,0,758,33,1
3,37,59,901,0,150,31,1
3,37,59,902,0,741,31,1
3,37,59,903,0,309,31,1
3,37,59,904,0,622,31,1
3,37,59,905,0,258,31,1
3,37,59,906,0,70,31,1
3,37,59,907,0,365,31,1
3,37,59,908,0,808,31,1
3,37,59,909,0,781,31,1
3,37,59,910,0,171,31,1
3,37,59,911,0,56,31,1
3,37,59,912,0,826,31,1
3,37,59,913,0,387,31,1
3,30,20,914,0,397,31,1
3,30,20,915,0,726,31,1
3,30,20,916,0,383,31,1
3,30,20,917,0,890,31,1
3,30,20,918,0,203,31,1
3,30,20,919,0,722,31,1
3,30,20,920,0,590,31,1
3,30,20,921,0,411,31,1
3,30,20,922,0,691,31,1
3,30,20,923,0,580,31,1
3,30,20,924,0,719,31,1
3,30,20,925,0,86,31,1
3,30,20,926,0,182,31,1
3,30,20,927,0,459,31,1
3,32,25,928,0,624,31,1
3,32,25,929,0,609,31,1
3,32,25,930,0,334,31,1
3,32,25,931,0,703,31,1
3,32,25,932,0,850,31,1
3,32,25,933,0,255,31,1
3,32,25,934,0,233,31,1
3,32,25,935,0,424,31,1
3,32,25,936,0,657,31,1
3,32,25,937,0,536,31,1
3,40,69,938,0,931,22,1
3,40,69,939,0,189,22,1
3,40,69,940,0,444,22,1
3,40,69,941,0,310,22,1
3,40,69,942,0,324,22,1
3,40,69,943,0,529,22,1
3,40,69,944,0,1007,22,1
3,40,69,945,0,287,22,1
3,40,69,946,0,242,22,1
3,40,69,947,0,785,22,1
3,40,69,948,0,711,22,1
3,40,69,949,0,542,22,1
3,40,69,950,0,106,22,1
3,40,69,951,0,132,22,1
3,40,69,952,0,207,22,1
3,18,67,953,0,308,15,1
3,18,67,954,0,849,15,1
3,18,67,955,0,244,15,1
3,18,67,956,0,874,15,1
3,18,67,957,0,783,15,1
3,18,67,958,0,333,15,1
3,18,67,959,0,612,15,1
3,18,67,960,0,175,15,1
3,18,67,961,0,52,15,1
3,18,67,962,0,636,15,1
3,27,23,963,0,421,15,1
3,27,23,964,0,320,15,1
3,27,23,965,0,541,15,1
3,27,23,966,0,855,15,1
3,27,23,967,0,673,15,1
3,27,23,968,0,871,15,1
3,27,23,969,0,539,15,1
3,27,23,970,0,254,15,1
3,27,23,971,0,707,15,1
3,27,23,972,0,811,15,1
6,55,22,973,0,817,13,1
6,55,22,974,0,667,13,1
6,55,22,975,0,295,13,1
6,55,22,976,0,643,13,1
6,55,22,977,0,488,13,1
6,55,22,978,0,500,13,1
6,55,22,979,0,775,13,1
6,55,22,980,0,842,13,1
6,55,22,981,0,157,13,1
6,55,22,982,0,413,13,1
6,55,22,983,0,553,13,1
6,55,22,984,0,770,13,1
6,55,22,985,0,329,13,1
6,55,22,986,0,702,13,1
6,55,22,987,0,864,13,1
6,55,22,988,0,264,13,1
6,55,22,989,0,525,13,1
6,55,22,990,0,109,13,1
6,55,22,991,0,163,13,1
6,55,22,992,0,582,13,1
6,55,22,993,0,546,13,1
6,55,22,994,0,19,13,1
6,55,22,995,0,979,13,1
1,3,2,996,0,252,32,1
1,3,2,997,0,945,32,1
1,3,2,998,0,217,32,1
1,3,2,999,0,326,32,1
1,3,2,1000,0,343,32,1
1,3,2,1001,0,311,32,1
1,3,2,1002,0,389,32,1
1,3,2,1003,0,432,32,1
1,3,2,1004,0,905,32,1
1,3,2,1005,0,928,32,1
1,3,2,1006,0,893,32,1
1,3,2,1007,0,633,32,1
1,3,2,1008,0,148,32,1
1,3,2,1009,0,512,32,1
